_col0,primary_category,basic_category
822,3d_printing_service,printing_service
453,abortion_clinic,specialized_medical_facility
110,abrasives_supplier,supplier_or_distributor
19606,abuse_and_addiction_treatment_center,specialized_medical_facility
1830,academic_bookstore,books_music_and_video_store
355,acai_bowls,restaurant
176951,accountant,financial_service
79,acne_treatment,personal_or_beauty_service
218,acoustical_consultant,technical_service
44440,acupuncture,complementary_and_alternative_medicine
5326,addiction_rehabilitation_center,physical_medicine_and_rehabilitation
1137,adoption_service,family_service
8420,adult_education_center,place_of_learning
11462,adult_entertainment_venue,adult_entertainment_venue
1645,adult_store,specialty_store
751,adventure_sports_center,sport_or_fitness_facility
231973,advertising_agency,professional_service
40,aerial_fitness_center,fitness_studio
115,aerial_tour,travel_service
290,aesthetic_medicine,specialized_health_care
2055,afghani_restaurant,restaurant
7479,african_restaurant,restaurant
2169,after_school_program,educational_service
178,aggregate_supplier,supplier_or_distributor
27508,agricultural_cooperative,b2b_service
620,agricultural_seed_store,specialty_store
89225,agricultural_service,agricultural_service
64916,agriculture,b2b_service
652,agriculture_association,agricultural_service
598,agritourism,travel_service
1307,air_duct_cleaning_service,home_service
1023,aircraft_dealer,vehicle_dealer
784,aircraft_manufacturer,manufacturer
1379,aircraft_parts_and_supplies,air_transport_facility_or_service
2762,aircraft_service,vehicle_service
12094,airline,air_transport_facility_or_service
156,airline_ticket_agency,air_transport_facility_or_service
53917,airport,airport
3691,airport_lounge,lounge
5301,airport_shuttle,air_transport_facility_or_service
6149,airport_terminal,airport
78,airsoft_field,sport_field
4955,alcohol_and_drug_treatment_center,specialized_medical_facility
6978,allergy_and_immunology,specialized_health_care
4819,altering_and_remodeling_contractor,home_service
393,aluminum_supplier,supplier_or_distributor
4988,amateur_sport_league,sport_league
30168,amateur_sport_team,sport_team
24238,ambulance_or_ems_service,emergency_or_urgent_care_facility
86,american_football_field,sport_field
66136,american_restaurant,restaurant
43182,amusement_park,amusement_park
7715,anesthesiology,specialized_health_care
24881,anglican_or_episcopal_place_of_worship,christian_place_of_worship
12,animal_assisted_therapy,physical_medicine_and_rehabilitation
1966,animal_hospital,animal_or_pet_service
80894,animal_or_pet_service,animal_or_pet_service
17,animal_physical_therapy,animal_or_pet_service
5740,animal_rescue_service,animal_or_pet_service
27738,animal_shelter,animal_or_pet_service
2787,animation_studio,media_service
125,antenna_service,home_service
57939,antique_store,second_hand_store
28150,apartment,apartment
1316,apartment_agent,real_estate_service
33,apiary_beekeeper,b2b_service
7834,apparel_manufacturer,manufacturer
2885,appellate_practice_lawyer,attorney_or_law_firm
9347,appliance_manufacturer,manufacturer
44541,appliance_repair_service,home_service
64912,appliance_store,hardware_home_and_garden_store
23411,appraisal_service,financial_service
6904,aquarium,aquarium
158,aquarium_service,animal_or_pet_service
12151,aquatic_pet_store,animal_and_pet_store
3210,arabian_restaurant,restaurant
29707,arcade,arcade
1605,archaeological_service,educational_service
3684,archery_range,sport_or_fitness_facility
1602,archery_store,sporting_goods_store
32082,architect,design_service
100199,architectural_designer,design_service
150,architectural_tour,travel_service
84,architecture_school,college_university
4479,argentine_restaurant,restaurant
414,armenian_restaurant,restaurant
20,army_and_navy_store,specialty_store
5367,aromatherapy,complementary_and_alternative_medicine
150708,art_gallery,art_gallery
13036,art_museum,museum
3868,art_restoration_service,media_service
36062,art_school,specialty_school
1,art_space_rental,rental_service
1852,art_supply_store,arts_crafts_and_hobby_store
35,art_tour,travel_service
204,artificial_turf,home_service
15,arts_and_crafts_space,arts_and_crafts_space
300372,arts_and_entertainment,arts_and_entertainment
142261,arts_crafts_and_hobby_store,arts_crafts_and_hobby_store
108,asian_art_museum,museum
12746,asian_fusion_restaurant,restaurant
821,asian_grocery_store,food_and_beverage_store
73045,asian_restaurant,restaurant
27634,assisted_living_facility,senior_living_facility
7919,astrological_advising,astrological_advising
44,atelier,arts_crafts_and_hobby_store
342719,atm,atm
316077,attorney_or_law_firm,attorney_or_law_firm
131,attraction_farm,rural_attraction
1125,atv_recreation_park,sport_or_fitness_facility
2011,atv_rental_tour,recreational_equipment_rental
17731,auction_house,specialty_store
17006,audio_visual_equipment_store,electronics_store
18087,audiology,specialized_health_care
5510,audiovisual_equipment_rental,event_or_party_service
19652,auditorium,event_venue
1787,australian_restaurant,restaurant
4715,austrian_restaurant,restaurant
89488,auto_body_shop,automotive_service
2662,auto_broker,auto_dealer
51595,auto_company,corporate_or_business_office
32666,auto_customization,automotive_service
542069,auto_dealer,auto_dealer
129597,auto_detailing,automotive_service
8949,auto_electrical_repair,automotive_service
33179,auto_glass_service,automotive_service
37594,auto_insurance,financial_service
5002,auto_leasing,auto_dealer
1301,auto_loan_provider,financial_service
12742,auto_manufacturer,manufacturer
324519,auto_parts_store,vehicle_parts_store
16433,auto_restoration_service,automotive_service
1345,auto_security,automotive_service
2465,auto_upholstery,automotive_service
21056,automation_service,b2b_industrial_and_machine_service
4426,automobile_registration_service,automotive_service
9504,automotive_consultant,automotive_service
878312,automotive_repair,automotive_service
172801,automotive_service,automotive_service
2232,automotive_storage_facility,storage_facility
644,automotive_wheel_polishing_service,automotive_service
607,aviation_museum,museum
522,avionics_shop,air_transport_facility_or_service
955,awning_supplier,supplier_or_distributor
106,axe_throwing,sport_or_fitness_facility
294,ayurveda,complementary_and_alternative_medicine
60,azerbaijani_restaurant,restaurant
48779,b2b_advertising_and_marketing_service,b2b_office_and_professional_service
84,b2b_agriculture_service,b2b_service
2682,b2b_audio_visual_production,b2b_service
36,b2b_background_check_service,b2b_office_and_professional_service
81576,b2b_business_management_service,b2b_office_and_professional_service
6428,b2b_cleaning_and_waste_management,b2b_service
5983,b2b_clinical_lab,b2b_service
581,b2b_coal_and_coke,b2b_energy_and_utility_service
70,b2b_dairy,b2b_service
1151,b2b_dental_lab,b2b_service
196,b2b_direct_mail_advertising,b2b_office_and_professional_service
1154,b2b_domestic_trade_service,b2b_office_and_professional_service
35130,b2b_energy_and_utility_service,b2b_energy_and_utility_service
7347,b2b_environmental_service,b2b_service
626,b2b_equipment_maintenance_and_repair,b2b_industrial_and_machine_service
700,b2b_executive_search_consultants,b2b_office_and_professional_service
80,b2b_farm,b2b_service
12,b2b_farming,b2b_service
1357,b2b_food_products,b2b_service
1563,b2b_hospital_equipment_and_supplies,b2b_service
4727,b2b_human_resource_service,b2b_office_and_professional_service
3478,b2b_industrial_and_machine_service,b2b_industrial_and_machine_service
8400,b2b_international_trade_service,b2b_office_and_professional_service
24298,b2b_marketing_consultant,b2b_office_and_professional_service
210,b2b_medical_support_service,b2b_service
10389,b2b_mining,b2b_energy_and_utility_service
627,b2b_newspaper_advertising,b2b_office_and_professional_service
6542,b2b_oil_and_gas,b2b_energy_and_utility_service
1833,b2b_oil_and_gas_equipment,b2b_energy_and_utility_service
145,b2b_oil_and_gas_exploration_and_development,b2b_energy_and_utility_service
1360,b2b_oil_and_gas_extraction,b2b_energy_and_utility_service
1365,b2b_oil_refinery,b2b_energy_and_utility_service
177,b2b_outdoor_advertising,b2b_office_and_professional_service
823,b2b_power_plants_and_power_plant_service,b2b_energy_and_utility_service
2029,b2b_promotional_products_and_services,b2b_office_and_professional_service
690,b2b_publicity_service,b2b_office_and_professional_service
760,b2b_quarry,b2b_energy_and_utility_service
1201,b2b_radio_and_television_commercials,b2b_office_and_professional_service
1211,b2b_records_storage_service,b2b_office_and_professional_service
14826,b2b_science_and_technology_service,b2b_science_and_technology_service
507,b2b_scientific_equipment,b2b_science_and_technology_service
165,b2b_scientific_lab,b2b_science_and_technology_service
1692,b2b_secretarial_service,b2b_office_and_professional_service
50289,b2b_service,b2b_service
1341,b2b_signage_service,b2b_office_and_professional_service
106,b2b_storage,b2b_transportation_and_storage_service
24280,b2b_surgical_appliances_and_supplies,b2b_service
2637,b2b_telemarketing_service,b2b_office_and_professional_service
1110,b2b_transportation_and_storage_service,b2b_transportation_and_storage_service
29205,b2b_water_treatment_service,b2b_service
5475,baby_gear_and_nursery_store,fashion_and_apparel_store
96,backflow_service,home_service
2,backpacking_area,recreational_trail_or_path
4646,badminton_court,sport_court
10542,bagel_shop,casual_eatery
3202,bags_luggage_company,corporate_or_business_office
6067,bail_bonds_service,legal_service
514933,bakery,casual_eatery
104,balloon_port,airport
462,balloon_service,event_or_party_service
420,band_orchestra_symphony,music_venue
1969,bangladeshi_restaurant,restaurant
234566,bank,bank_or_credit_union
729,bank_equipment_service,professional_service
358594,bank_or_credit_union,bank_or_credit_union
7873,bankruptcy_law,attorney_or_law_firm
103210,baptist_place_of_worship,christian_place_of_worship
644080,bar,bar
88422,bar_and_grill_restaurant,restaurant
16,bar_crawl,nightlife_venue
140,bar_tabac,bar
112256,barbecue_restaurant,restaurant
385973,barber,personal_or_beauty_service
431,barre_class,fitness_studio
3122,bartender,event_or_party_service
1063,bartending_school,specialty_school
17055,baseball_field,sport_field
1671,baseball_stadium,stadium_arena
8395,basketball_court,sport_court
861,basketball_stadium,stadium_arena
1060,basque_restaurant,restaurant
313,bathroom_fixture_store,hardware_home_and_garden_store
6249,bathroom_remodeling,home_service
330,bathtub_and_sink_repair,home_service
1,battery_inverter_supplier,supplier_or_distributor
4056,battery_store,electronics_store
2841,batting_cage,sport_or_fitness_facility
11,bazaar,market
177958,beach,beach
451,beach_bar,bar
962,beach_equipment_rental,recreational_equipment_rental
7942,beach_resort,resort
10,beach_volleyball_club,sport_or_recreation_club
27,beach_volleyball_court,sport_court
353,bearing_supplier,supplier_or_distributor
25937,beauty_product_supplier,supplier_or_distributor
1238909,beauty_salon,personal_or_beauty_service
184142,beauty_supply_store,personal_care_and_beauty_store
155160,bed_and_breakfast,bed_and_breakfast
1926,bedding_and_bath_store,hardware_home_and_garden_store
23997,beer_bar,bar
16278,beer_garden,alcoholic_beverage_venue
46,beer_tour,travel_service
17709,beer_wine_spirits_store,food_and_beverage_store
459,behavior_analysis,behavioral_or_mental_health_clinic
32418,behavioral_or_mental_health_clinic,behavioral_or_mental_health_clinic
35,belarusian_restaurant,restaurant
4096,belgian_restaurant,restaurant
12,belizean_restaurant,restaurant
17181,betting_center,gaming_venue
5209,beverage_supplier,supplier_or_distributor
28,bike_parking,parking
15,bike_path,recreational_trail_or_path
13255,bike_rental,recreational_equipment_rental
13744,bike_repair_maintenance,technical_service
47,bike_sharing_location,ground_transport_facility_or_service
87983,bike_store,sporting_goods_store
102,bike_tour,travel_service
676,billing_service,professional_service
3073,bingo_hall,gaming_venue
9059,biotechnology_company,corporate_or_business_office
187,bird_store,animal_and_pet_store
4258,bistro,casual_eatery
311,blacksmith,building_or_construction_service
8151,blood_and_plasma_donation_center,medical_service
413,blow_dry_blow_out_service,personal_or_beauty_service
97,blueprinter,building_or_construction_service
463,board_of_education_office,education_office
196,boat_and_ship_manufacturer,manufacturer
712,boat_charter,event_or_party_service
14630,boat_dealer,vehicle_dealer
7358,boat_parts_store,vehicle_parts_store
15402,boat_rental_and_training,recreational_equipment_rental
14451,boat_service,vehicle_service
462,boat_storage_facility,storage_facility
11210,boat_tour,travel_service
854,boating_place,sport_or_fitness_facility
9,bocce_ball_court,sport_court
455,body_contouring,specialized_health_care
153,bolivian_restaurant,restaurant
2767,book_magazine_distribution,media_service
1353,bookbinding,media_service
2159,bookkeeper,professional_service
5663,books_music_and_video_store,books_music_and_video_store
137135,bookstore,books_music_and_video_store
9631,boot_camp,fitness_studio
10433,botanical_garden,garden
18748,bottled_water_company,corporate_or_business_office
90,boudoir_photography_service,media_service
432,bounce_house_rental,event_or_party_service
17518,bowling_alley,sport_or_fitness_facility
80,box_lunch_supplier,supplier_or_distributor
14073,boxing_class,sport_or_fitness_facility
1532,boxing_gym,sport_or_fitness_facility
7168,brake_service_and_repair,automotive_service
941,brasserie,restaurant
307,brazilian_jiu_jitsu_club,sport_or_recreation_club
45435,brazilian_restaurant,restaurant
74087,breakfast_and_brunch_restaurant,restaurant
47917,brewery,brewery
445,brewing_supply_store,food_and_beverage_store
55741,bridal_shop,fashion_and_apparel_store
43784,bridge,bridge
4332,british_restaurant,restaurant
49938,broadcasting_media_production,media_service
8156,broker,financial_service
39573,bubble_tea_shop,non_alcoholic_beverage_venue
110363,buddhist_place_of_worship,buddhist_place_of_worship
33644,buffet_restaurant,restaurant
15120,builder,real_estate_service
10895,building_contractor,home_service
343319,building_or_construction_service,building_or_construction_service
318226,building_supply_store,hardware_home_and_garden_store
618,bulgarian_restaurant,restaurant
4,bungee_jumping_center,sport_or_fitness_facility
158132,burger_restaurant,restaurant
641,burmese_restaurant,restaurant
1345,bus_rental,rental_service
67230,bus_station,public_transit_facility_or_service
144,bus_ticket_agency,public_transit_facility_or_service
3449,bus_tour,travel_service
345,business_banking_service,financial_service
2391,business_broker,financial_service
33463,business_consulting,professional_service
282,business_financing,financial_service
3250,business_law,attorney_or_law_firm
4097,business_office_supplies_and_stationery,supplier_or_distributor
1033,business_school,college_university
138455,butcher_shop,food_and_beverage_store
36,cabaret,performing_arts_venue
38975,cabin,lodging
7706,cabinet_sales_service,home_service
344,cable_car_service,public_transit_facility_or_service
700856,cafe,cafe
2717,cafeteria,restaurant
5107,cajun_and_creole_restaurant,restaurant
27,calligraphy,media_service
791,cambodian_restaurant,restaurant
32900,camera_and_photography_store,electronics_store
104128,campground,campground
82488,campus_building,campus_building
1053,canadian_restaurant,restaurant
2621,canal,canal
1946,cancer_treatment_center,specialized_medical_facility
2398,candle_store,hardware_home_and_garden_store
61223,candy_store,casual_eatery
10589,cannabis_clinic,medical_service
16,cannabis_collective,medical_service
9007,cannabis_dispensary,specialty_store
12,cannabis_tour,travel_service
8313,canoe_and_kayak_hire_service,recreational_equipment_rental
2,canteen,casual_eatery
12,canyon,canyon
605,car_auction,specialty_store
754,car_buyer,automotive_service
4609,car_inspection,automotive_service
100731,car_rental_service,rental_service
2974,car_sharing,taxi_or_ride_share_service
631,car_stereo_installation,automotive_service
13180,car_stereo_store,electronics_store
123805,car_wash,automotive_service
17537,car_window_tinting,automotive_service
154,cardio_class,sport_or_fitness_facility
34058,cardiology,specialized_health_care
2528,cardiothoracic_surgery,surgery
4177,cards_and_stationery_store,specialty_store
7160,career_counseling,professional_service
7779,caribbean_restaurant,restaurant
19,caricature,event_or_party_service
7,carousel,amusement_attraction
86482,carpenter,home_service
18689,carpet_cleaning,home_service
794,carpet_installation,home_service
63339,carpet_store,hardware_home_and_garden_store
69,cartooning_museum,museum
31753,casino,casino
137,casting_molding_service,b2b_industrial_and_machine_service
15319,castle,castle
1219,catalan_restaurant,restaurant
88970,caterer,event_or_party_service
4432,cave,land_feature
187,ceiling_and_roofing_repair_and_service,home_service
1142,ceiling_service,home_service
1169,cement_supplier,supplier_or_distributor
3078,cemetery,cemetery
151,certification_agency,professional_service
72,challenge_courses_center,sport_or_fitness_facility
1909,chambers_of_commerce,government_office
240,champagne_bar,bar
114253,charity_organization,civic_organization
561,charter_school,place_of_learning
11241,check_cashing_payday_loans,financial_service
104,cheerleading,specialty_school
13765,cheese_shop,food_and_beverage_store
9,cheese_tasting_class,class_venue
563,cheesesteak_restaurant,restaurant
54309,chemical_plant,b2b_industrial_and_machine_service
95913,chicken_restaurant,restaurant
7157,chicken_wings_restaurant,restaurant
23193,child_care_and_day_care,family_service
1522,child_protection_service,social_or_community_service
1568,child_psychiatry,behavioral_or_mental_health_clinic
208,childbirth_education,specialty_school
21,childproofing,home_service
119892,childrens_clothing_store,fashion_and_apparel_store
1175,childrens_hospital,specialty_hospital
1571,childrens_museum,museum
297,chilean_restaurant,restaurant
221,chimney_service,home_service
7074,chimney_sweep,home_service
186,chinese_martial_arts_club,sport_or_recreation_club
181146,chinese_restaurant,restaurant
112958,chiropractic,complementary_and_alternative_medicine
30157,chocolatier,casual_eatery
3809,choir,music_venue
862941,christian_place_of_worship,christian_place_of_worship
2979,christmas_tree_store,hardware_home_and_garden_store
151,cidery,alcoholic_beverage_venue
535,cigar_bar,bar
38,circus_school,specialty_school
3854,circus_venue,amusement_attraction
559,civic_center,civic_center
53685,civic_organization,civic_organization
3673,civil_engineer,building_or_construction_service
62,civil_examinations_academy,academy
231,civil_rights_lawyer,attorney_or_law_firm
513,civilization_museum,museum
1846,cleaning_products_supplier,supplier_or_distributor
20553,cleaning_service,professional_service
4,climbing_class,sport_or_fitness_facility
96,climbing_service,sport_or_fitness_facility
179,clock_repair_service,home_service
39,closet_remodeling,home_service
19317,clothing_company,corporate_or_business_office
4920,clothing_rental,rental_service
897039,clothing_store,fashion_and_apparel_store
38,clown,event_or_party_service
8,club_crawl,nightlife_venue
349,coach_bus,public_transit_facility_or_service
46327,cocktail_bar,bar
642,coffee_and_tea_supplies,food_and_beverage_store
1610,coffee_roastery,coffee_shop
610598,coffee_shop,coffee_shop
191,coin_dealer,financial_service
3868,collection_agency,financial_service
289,college_counseling,educational_service
365741,college_university,college_university
3106,colombian_restaurant,restaurant
75,colonic_hydrotherapy,wellness_service
7335,comedy_club,comedy_club
9536,comfort_food_restaurant,restaurant
9722,comic_books_store,books_music_and_video_store
102336,commercial_industrial,b2b_service
1341,commercial_printer,printing_service
33119,commercial_real_estate,real_estate_service
8396,commercial_refrigeration,technical_service
6453,commercial_vehicle_dealer,vehicle_dealer
593,commissioned_artist,media_service
232773,community_and_government,community_and_government
106008,community_center,community_center
205,community_garden,garden
1068,community_health_center,primary_care_or_general_clinic
2362,community_museum,museum
19458,complementary_and_alternative_medicine,complementary_and_alternative_medicine
31690,computer_coaching,specialty_school
30718,computer_hardware_company,technical_service
494,computer_museum,museum
99986,computer_store,electronics_store
8605,computer_wholesaler,wholesaler
80,concierge_medicine,primary_care_or_general_clinic
13157,condominium,condominium
1023,construction_management,building_or_construction_service
1189,contemporary_art_museum,museum
349,contract_law,attorney_or_law_firm
328751,contractor,home_service
469802,convenience_store,convenience_store
540,cooking_classes,arts_crafts_and_hobby_store
10204,cooking_school,specialty_school
846,copywriting_service,professional_service
241,corporate_entertainment_service,media_service
92,corporate_gift_supplier,supplier_or_distributor
164478,corporate_or_business_office,corporate_or_business_office
26945,cosmetic_dentistry,dental_clinic
204,cosmetic_products_manufacturer,manufacturer
2580,cosmetic_surgery,surgery
26588,cosmetics_and_fragrance_store,personal_care_and_beauty_store
13188,cosmetology_school,specialty_school
91,costa_rican_restaurant,restaurant
131,costume_museum,museum
18243,costume_store,arts_crafts_and_hobby_store
39784,cottage,lodging
193,cotton_mill,manufacturer
27141,countertop_installation,home_service
989,country_club,country_club
91,country_dance_hall,rural_attraction
41,country_house,lodging
54895,courier_and_delivery_service,shipping_or_delivery_service
522,court_reporter,legal_service
34811,courthouse,courthouse
10905,coworking_space,professional_service
1030,cpr_class,specialty_school
4064,craft_store,arts_crafts_and_hobby_store
1722,crane_service,building_or_construction_service
7867,credit_and_debt_counseling,financial_service
69423,credit_union,bank_or_credit_union
5363,cremation_service,family_service
5315,cricket_ground,stadium_arena
19239,criminal_defense_law,attorney_or_law_firm
1111,crisis_intervention_service,behavioral_or_mental_health_clinic
824,crops_production,b2b_service
244,cryotherapy,wellness_service
18,csa_farm,food_and_beverage_store
3109,cuban_restaurant,restaurant
51870,cultural_center,cultural_center
27896,cupcake_shop,casual_eatery
17552,currency_exchange,financial_service
2,curry_sausage_restaurant,restaurant
668,custom_cakes_shop,food_and_beverage_store
1266,custom_clothing_store,fashion_and_apparel_store
2290,custom_t_shirt_store,fashion_and_apparel_store
2917,customized_merchandise_store,specialty_store
413,customs_broker,financial_service
2886,cycling_class,sport_or_fitness_facility
1355,czech_restaurant,restaurant
12379,dairy_farm,farm
1840,dairy_store,food_and_beverage_store
2,dam,dam
12798,damage_restoration,home_service
85287,dance_club,dance_club
130237,dance_studio,sport_or_fitness_facility
1581,dancewear_store,sporting_goods_store
6,danish_restaurant,restaurant
96833,day_care_preschool,family_service
31000,day_spa,wellness_service
786,debt_relief_service,financial_service
1764,deck_and_railing_sales_service,home_service
184,decorative_arts_museum,museum
75264,delicatessen,casual_eatery
2240,demolition_service,home_service
233,denim_wear_store,fashion_and_apparel_store
505874,dental_clinic,dental_clinic
189,dental_hygiene,dental_clinic
1413,dental_supply_store,specialty_store
318,dentistry_school,college_university
9426,department_of_motor_vehicles,government_department
171,department_of_social_service,government_department
86591,department_store,department_store
46464,dermatology,specialized_health_care
47,desert,land_feature
407,design_museum,museum
6818,designer_clothing,fashion_and_apparel_store
120900,dessert_shop,casual_eatery
24563,diagnostic_imaging,diagnostics_imaging_or_lab_service
12922,dialysis_clinic,specialized_medical_facility
544,diamond_dealer,fashion_and_apparel_store
592,digitizing_service,media_service
4953,dim_sum_restaurant,restaurant
90273,diner,casual_eatery
352,dinner_theater,theatre_venue
2121,disability_law,attorney_or_law_firm
23286,disability_services_and_support_organization,social_or_community_service
3042,disc_golf_course,sport_field
124970,discount_store,discount_store
448,display_home_center,real_estate_service
9919,distillery,distillery
6159,distribution_service,b2b_transportation_and_storage_service
4649,dive_bar,bar
877,dive_store,sporting_goods_store
1259,diving_center,sport_or_fitness_facility
22793,divorce_and_family_law,attorney_or_law_firm
25,diy_auto_shop,automotive_service
52,diy_foods_restaurant,restaurant
5727,dj_service,event_or_party_service
2677,do_it_yourself_store,hardware_home_and_garden_store
356733,doctors_office,diagnostics_imaging_or_lab_service
12924,dog_park,dog_park
24722,dog_trainer,animal_or_pet_service
5740,dog_walker,animal_or_pet_service
1029,dominican_restaurant,restaurant
396,donation_center,home_service
24870,doner_kebab_restaurant,restaurant
30561,donut_shop,casual_eatery
3508,door_sales_service,home_service
330,doula_service,reproductive_perinatal_and_womens_care
631,drama_school,specialty_school
108,drinking_fountain,public_fountain
3110,drive_in_theater,movie_theater
65,drive_thru_bar,bar
6116,driving_range,golf_course
103912,driving_school,specialty_school
193,drone_store,electronics_store
29597,drugstore,pharmacy_and_drug_store
50734,dry_cleaning,laundry_service
4120,drywall_service,home_service
622,dui_law,attorney_or_law_firm
49,dui_school,specialty_school
1115,dumpling_restaurant,restaurant
1825,dumpster_rental,rental_service
115,duplication_service,printing_service
1158,duty_free_store,specialty_store
7957,e_commerce_service,professional_service
19067,ear_nose_and_throat,specialized_health_care
3510,eastern_european_restaurant,restaurant
215,eating_disorder_treatment_center,specialized_medical_facility
1001,ecuadorian_restaurant,restaurant
107,editorial_service,professional_service
437216,education,education
7235,educational_camp,educational_facility
18836,educational_research_institute,research_institute
69509,educational_service,educational_service
8301,educational_supply_store,specialty_store
986,egyptian_restaurant,restaurant
30,elder_care_planning,family_service
23290,electric_utility_provider,electric_utility_provider
10508,electrical_supply_store,hardware_home_and_garden_store
1012,electrical_wholesaler,wholesaler
120027,electrician,home_service
24617,electronic_equipment_supplier,supplier_or_distributor
4525,electronic_parts_supplier,supplier_or_distributor
1938,electronics_repair_shop,technical_service
256895,electronics_store,electronics_store
423059,elementary_school,elementary_school
8423,elevator_service,technical_service
16931,embassy,embassy
3876,embroidery_and_crochet_store,arts_crafts_and_hobby_store
13985,emergency_department,emergency_department
3986,emergency_or_urgent_care_facility,emergency_or_urgent_care_facility
579,emergency_pet_hospital,animal_or_pet_service
2341,emergency_roadside_service,automotive_service
8008,emissions_inspection,automotive_service
274,empanada_restaurant,restaurant
102515,employment_agency,professional_service
8928,employment_law,attorney_or_law_firm
394,ems_training,medical_service
8422,endocrinology,specialized_health_care
6970,endodontics,dental_clinic
38,endoscopy,specialized_health_care
31777,energy_company,corporate_or_business_office
697,energy_management_service,b2b_energy_and_utility_service
6785,engine_repair_service,automotive_service
521,engineering_school,college_university
161545,engineering_service,building_or_construction_service
461,engraving,media_service
243,entertainment_law,attorney_or_law_firm
247,environmental_abatement_service,environmental_or_ecological_service
29506,environmental_conservation_organization,environmental_or_ecological_service
5,environmental_medicine,specialized_health_care
11061,environmental_or_ecological_service,environmental_or_ecological_service
2943,environmental_testing_service,environmental_or_ecological_service
33372,equestrian_facility,sport_or_fitness_facility
218,erotic_massage_venue,adult_entertainment_venue
9907,escape_room,gaming_venue
3770,escrow_service,real_estate_service
722,esports_league,sport_league
558,esports_team,sport_team
296,estate_liquidation,real_estate_service
3111,estate_planning_law,attorney_or_law_firm
381,esthetician,personal_or_beauty_service
2394,ethical_grocery_store,food_and_beverage_store
1600,ethiopian_restaurant,restaurant
12182,european_restaurant,restaurant
49715,ev_charging_station,ev_charging_station
1,event_or_party_service,event_or_party_service
90581,event_photography_service,media_service
10345,event_technology_service,event_or_party_service
22534,event_venue,event_venue
17406,excavation_service,home_service
359,exhaust_and_muffler_repair,automotive_service
2303,exhibition_and_trade_fair_venue,event_venue
947,exporter,supplier_or_distributor
102,exterior_design,home_service
828,eyebrow_service,personal_or_beauty_service
4531,eyelash_service,personal_or_beauty_service
181002,eyewear_store,fashion_and_apparel_store
54423,fabric_store,arts_crafts_and_hobby_store
322,fabric_wholesaler,wholesaler
47,face_painting,event_or_party_service
10464,fairgrounds,fairgrounds
860,falafel_restaurant,restaurant
6168,family_counseling,behavioral_or_mental_health_clinic
61513,family_practice,primary_care_or_general_clinic
450,family_service_center,family_service
254727,farm,farm
6185,farm_equipment_and_supply,b2b_service
234,farm_equipment_repair_service,agricultural_service
34,farm_insurance,financial_service
60196,farmers_market,farmers_market
1267,farming_equipment_store,specialty_store
5617,farming_service,b2b_service
30,farrier_service,animal_or_pet_service
93907,fashion_accessories_store,fashion_and_apparel_store
97108,fashion_and_apparel_store,fashion_and_apparel_store
113370,fashion_boutique,fashion_and_apparel_store
409785,fast_food_restaurant,fast_food_restaurant
762,fastener_supplier,supplier_or_distributor
18025,fence_and_gate_sales_service,home_service
2082,fencing_club,sport_or_recreation_club
49,feng_shui,home_service
8015,ferry_boat_company,corporate_or_business_office
369,ferry_service,ferry_service
6919,fertility_clinic,specialized_medical_facility
546,fertilizer_store,b2b_service
3327,festival_venue,festival_venue
34,fidelity_and_surety_bonds,financial_service
10665,filipino_restaurant,restaurant
79,film_festival_venue,festival_venue
65596,financial_advising,financial_service
313147,financial_service,financial_service
411,fingerprinting_service,security_service
7829,fire_and_water_damage_restoration,home_service
25857,fire_protection_service,home_service
83675,fire_station,fire_station
1203,firearm_training,specialty_school
7937,fireplace_service,home_service
456,firewood,home_service
11824,fireworks_store,specialty_store
3788,first_aid_class,specialty_school
17051,fish_and_chips_restaurant,restaurant
6685,fish_farm,b2b_service
152,fish_farm_hatchery,b2b_service
43,fish_restaurant,restaurant
11154,fishing_charter,sport_or_fitness_facility
12457,fishing_club,sport_or_recreation_club
29577,fishmonger,food_and_beverage_store
413,fitness_equipment_wholesaler,wholesaler
1356,fitness_exercise_store,sporting_goods_store
71824,fitness_trainer,sport_or_fitness_facility
15,flatbread_shop,casual_eatery
26044,flea_market,second_hand_store
10046,flight_school,specialty_school
57,float_spa,wellness_service
17930,flooring_contractor,home_service
11120,flooring_store,hardware_home_and_garden_store
111,floral_designer,event_or_party_service
41622,florist,flowers_and_gifts_store
97,flour_mill,manufacturer
79,flower_market,flowers_and_gifts_store
398227,flowers_and_gifts_store,flowers_and_gifts_store
101,flyboarding_center,sport_or_fitness_facility
3,flyboarding_rental,sport_or_fitness_facility
157,fmcg_wholesaler,wholesaler
2428,fondue_restaurant,casual_eatery
503,food_and_beverage_consultant,professional_service
813,food_and_beverage_exporter,supplier_or_distributor
65762,food_and_beverage_store,food_and_beverage_store
98464,food_and_drink,food_and_drink
8346,food_bank,food_bank
50030,food_beverage_distributor,supplier_or_distributor
2837,food_consultant,food_service
2101,food_court,food_court
56168,food_delivery_service,food_service
710,food_safety_training,specialty_school
1211,food_tour,travel_service
83367,food_truck_stand,food_truck_stand
541,foot_care,personal_or_beauty_service
326,football_club,sport_or_recreation_club
9034,football_stadium,stadium_arena
72,footwear_wholesaler,wholesaler
7854,forest,forest
13645,forestry_service,environmental_or_ecological_service
1546,forklift_dealer,vehicle_dealer
1310,formal_wear_store,fashion_and_apparel_store
2330,fort,fort
74,fortune_telling,spiritual_advising
1922,foster_care_service,social_or_community_service
615,foundation_repair,home_service
5524,framing_store,arts_crafts_and_hobby_store
2248,fraternal_organization,social_club
34,free_diving_center,sport_or_fitness_facility
173480,freight_and_cargo_service,b2b_transportation_and_storage_service
3521,freight_forwarding_agency,b2b_transportation_and_storage_service
65306,french_restaurant,restaurant
280,friterie,casual_eatery
1793,frozen_foods_store,food_and_beverage_store
9688,frozen_yogurt_shop,casual_eatery
26,fuel_dock,gas_station
106769,funeral_service,family_service
572,fur_clothing,fashion_and_apparel_store
2131,furniture_accessory_store,hardware_home_and_garden_store
31407,furniture_assembly,home_service
12423,furniture_manufacturer,manufacturer
600,furniture_rental_service,home_service
703,furniture_repair,home_service
1970,furniture_reupholstery,home_service
460012,furniture_store,hardware_home_and_garden_store
973,furniture_wholesaler,wholesaler
20,futsal_field,sport_field
4588,game_publisher,media_service
11,game_truck_rental,event_or_party_service
20276,garage_door_service,home_service
48292,garbage_collection_service,public_utility
40551,gardener,home_service
577515,gas_station,gas_station
17532,gastroenterology,specialized_health_care
24221,gastropub,casual_eatery
163,gay_and_lesbian_services_organization,social_or_community_service
3664,gay_bar,bar
13542,gelato_shop,casual_eatery
448,gemstone_and_mineral_store,specialty_store
757,genealogist,family_service
114479,general_dentistry,dental_clinic
1292,general_litigation,attorney_or_law_firm
67,generator_installation_repair,technical_service
106,genetics,specialized_health_care
176263,geographic_entities,geographic_entities
1,geologic_formation,land_feature
3986,geological_service,b2b_service
1336,georgian_restaurant,restaurant
1561,geriatric_medicine,specialized_health_care
48,geriatric_psychiatry,behavioral_or_mental_health_clinic
26141,german_restaurant,restaurant
835,gerontology,specialized_health_care
55126,gift_shop,flowers_and_gifts_store
38290,glass_and_mirror_sales_service,home_service
2481,glass_blowing_venue,arts_and_crafts_space
6808,glass_manufacturer,manufacturer
9,glider_port,airport
1227,gluten_free_restaurant,restaurant
3989,go_kart_club,sport_or_recreation_club
417,go_kart_track,sport_or_fitness_facility
1893,gold_buyer,financial_service
109,goldsmith,fashion_and_apparel_store
3668,golf_cart_dealer,vehicle_dealer
66,golf_cart_rental,event_or_party_service
1925,golf_club,sport_or_recreation_club
37906,golf_course,golf_course
2286,golf_equipment_store,sporting_goods_store
4384,golf_instructor,sport_or_fitness_facility
522622,government_office,government_office
1106,grain_elevator,b2b_service
1045,grain_production,b2b_service
15913,granite_supplier,supplier_or_distributor
68540,graphic_designer,design_service
54,gravel_professional,building_or_construction_service
26884,greek_restaurant,restaurant
179,greengrocer,wholesaler
216,greenhouse,b2b_service
603,grilling_equipment_store,hardware_home_and_garden_store
928726,grocery_store,food_and_beverage_store
288,grout_service,home_service
1,guamanian_restaurant,restaurant
460,guatemalan_restaurant,restaurant
4329,guest_house,private_lodging
735,guitar_store,musical_instrument_and_pro_audio_store
18276,gun_and_ammo_store,specialty_store
58,gunsmith,specialty_store
7060,gutter_service,home_service
541730,gym,gym
18050,gymnastics_center,sport_or_fitness_facility
88,gymnastics_club,sport_or_recreation_club
9275,hair_extensions,personal_or_beauty_service
943,hair_loss_center,personal_or_beauty_service
12425,hair_removal,personal_or_beauty_service
6940,hair_replacement,personal_or_beauty_service
619934,hair_salon,personal_or_beauty_service
12601,hair_stylist,personal_or_beauty_service
47898,hair_supply_store,personal_care_and_beauty_store
503,haitian_restaurant,restaurant
7605,halal_restaurant,restaurant
1902,halfway_house,housing_or_property_service
35,halotherapy,wellness_service
1407,handbag_store,fashion_and_apparel_store
1,handball_court,sport_court
14458,handyman,home_service
415,hang_gliding_center,sport_or_fitness_facility
146,hardware_and_fastener_manufacturer,manufacturer
30904,hardware_home_and_garden_store,hardware_home_and_garden_store
259867,hardware_store,hardware_home_and_garden_store
6541,hat_store,fashion_and_apparel_store
2780,haunted_house,amusement_attraction
3,haute_cuisine_restaurant,restaurant
2486,hawaiian_restaurant,restaurant
167,hazardous_waste_disposal,industrial_facility_or_service
12729,health_and_wellness_club,wellness_service
2,health_care,food_and_drink
601036,health_care,health_care
7956,health_coaching,wellness_service
5845,health_department,government_department
9750,health_food_restaurant,restaurant
76534,health_food_store,food_and_beverage_store
10637,health_insurance_office,medical_service
2549,health_market,market
115,health_retreat,lodging
18157,health_spa,wellness_service
23703,hearing_aid_store,specialty_store
1951,heliport,airport
4399,hematology,specialized_health_care
57,henna_artist,event_or_party_service
192,hepatology,specialized_health_care
3236,herb_and_spice_store,food_and_beverage_store
9,high_gliding_center,sport_or_fitness_facility
168990,high_school,high_school
42664,hiking_trail,recreational_trail_or_path
58,himalayan_restaurant,restaurant
128014,hindu_place_of_worship,hindu_place_of_worship
2116,historic_mission,historic_site
998562,historic_site,historic_site
10,historic_tower,historic_site
1311,historical_tour,travel_service
36377,history_museum,museum
29009,hobby_shop,arts_crafts_and_hobby_store
1304,hockey_arena,stadium_arena
282,hockey_equipment_store,sporting_goods_store
1208,hockey_field,sport_field
1015,holding_company,financial_service
330,holiday_decor_store,hardware_home_and_garden_store
33,holiday_decorating_service,home_service
25,holiday_market,market
75,holiday_park,lodging
205296,holiday_rental_home,private_lodging
77,holistic_animal_care,animal_or_pet_service
577,home_and_rental_insurance,financial_service
1097,home_automation,home_service
123054,home_cleaning,home_service
12302,home_decor_store,hardware_home_and_garden_store
124408,home_developer,real_estate_service
120,home_energy_auditor,home_service
125802,home_goods_store,hardware_home_and_garden_store
81007,home_health_care,medical_service
118242,home_improvement_store,hardware_home_and_garden_store
11733,home_inspector,home_service
113,home_network_installation,home_service
1812,home_organization,real_estate_service
29716,home_security,home_service
151878,home_service,home_service
4264,home_staging,real_estate_service
2139,home_theater_systems_stores,electronics_store
617,home_window_tinting,home_service
7095,homeless_shelter,social_or_community_service
1197,homeopathy,complementary_and_alternative_medicine
289,homeowner_association,real_estate_service
806,honduran_restaurant,restaurant
410,honey_farm_shop,food_and_beverage_store
1236,hong_kong_style_cafe,cafe
16860,hookah_bar,bar
16133,horse_boarding,animal_or_pet_service
570,horse_equipment_shop,animal_and_pet_store
376,horse_racing_track,sport_or_fitness_facility
10682,horse_riding,sport_or_fitness_facility
5769,horse_trainer,animal_or_pet_service
8463,horseback_riding_service,sport_or_fitness_facility
10856,hospice,medical_service
483089,hospital,hospital
58920,hostel,lodging
1146,hot_air_balloons_tour,travel_service
13550,hot_dog_restaurant,restaurant
5642,hot_springs,hot_springs
4394,hot_tub_and_pool_store,hardware_home_and_garden_store
1172978,hotel,hotel
2997,hotel_bar,bar
2548,hotel_supply_service,supplier_or_distributor
512,house_sitting,home_service
15,houseboat,lodging
9404,housing_authority,social_or_community_service
1033,housing_cooperative,real_estate_service
1108,hungarian_restaurant,restaurant
29248,hunting_and_fishing_store,sporting_goods_store
132266,hvac_service,home_service
10080,hvac_supplier,supplier_or_distributor
102,hybrid_car_repair,automotive_service
3503,hydraulic_equipment_supplier,supplier_or_distributor
514,hydraulic_repair_service,technical_service
35,hydro_jetting,home_service
684,hydroponic_gardening_store,hardware_home_and_garden_store
22,hydrotherapy,wellness_service
183,hyperbaric_medicine,specialized_health_care
3178,hypnotherapy,behavioral_or_mental_health_clinic
49,iberian_restaurant,restaurant
174518,ice_cream_shop,casual_eatery
5869,ice_skating_rink,skating_rink
891,ice_supplier,supplier_or_distributor
3462,image_consultant,personal_or_beauty_service
778,immigration_and_naturalization_office,government_office
109,immigration_assistance_service,professional_service
13742,immigration_law,attorney_or_law_firm
30,immunodermatology,specialized_health_care
3782,import_export_service,supplier_or_distributor
650,imported_food_store,food_and_beverage_store
669,importer,supplier_or_distributor
5884,indian_grocery_store,food_and_beverage_store
102723,indian_restaurant,restaurant
119,indian_sweets_shop,casual_eatery
615,indo_chinese_restaurant,restaurant
54634,indonesian_restaurant,restaurant
227,indoor_golf_center,sport_or_recreation_club
117,indoor_landscaping,home_service
1339,indoor_playcenter,sport_or_fitness_facility
285,industrial_cleaning_service,professional_service
79208,industrial_company,corporate_or_business_office
217105,industrial_equipment_manufacturer,manufacturer
319,industrial_spares_and_products_wholesaler,wholesaler
4177,infectious_disease,specialized_health_care
133627,information_technology_company,corporate_or_business_office
25854,inn,inn
2216,inspection_service,building_or_construction_service
35157,installment_loans,financial_service
78,instrumentation_engineer,building_or_construction_service
2606,insulation_installation,home_service
303702,insurance_agency,financial_service
129816,interior_design,home_service
34727,internal_medicine,specialized_health_care
476,international_fusion_restaurant,restaurant
2006,international_grocery_store,food_and_beverage_store
22815,internet_cafe,cafe
32808,internet_marketing_service,professional_service
41419,internet_service_provider,technical_service
1060,inventory_control_service,b2b_industrial_and_machine_service
24554,investing,financial_service
103,investment_management_company,financial_service
2227,ip_and_internet_law,attorney_or_law_firm
6819,irish_pub,bar
483,irish_restaurant,restaurant
138,iron_and_steel_store,wholesaler
33,ironworker,building_or_construction_service
2200,irrigation_service,home_service
2613,island,island
288,israeli_restaurant,restaurant
2072,it_consultant,technical_service
175655,it_service_and_computer_repair,technical_service
216908,italian_restaurant,restaurant
304,iv_hydration,wellness_service
9083,jail_or_prison,jail_or_prison
2508,jamaican_restaurant,restaurant
23518,janitorial_service,professional_service
322,japanese_confectionery_shop,casual_eatery
36,japanese_grocery_store,food_and_beverage_store
348248,japanese_restaurant,restaurant
3219,jazz_and_blues_venue,music_venue
3185,jehovahs_witness_place_of_worship,christian_place_of_worship
1773,jet_skis_rental,recreational_equipment_rental
39778,jewelry_and_watches_manufacturer,manufacturer
75,jewelry_manufacturer,manufacturer
49,jewelry_repair_service,technical_service
279379,jewelry_store,fashion_and_apparel_store
8295,jewish_place_of_worship,jewish_place_of_worship
54,jewish_restaurant,restaurant
3031,junk_removal_and_hauling,home_service
8362,junkyard,second_hand_store
110,juvenile_detention_center,jail_or_prison
32,karaoke_rental,event_or_party_service
29368,karaoke_venue,music_venue
1164,karate_club,sport_or_recreation_club
71344,key_and_locksmith,home_service
951,kickboxing_club,sport_or_recreation_club
2069,kids_hair_salon,personal_or_beauty_service
14759,kids_recreation_and_party,event_or_party_service
1865,kiosk,kiosk
9502,kitchen_and_bath_store,hardware_home_and_garden_store
4,kitchen_incubator,real_estate_service
5002,kitchen_remodeling,home_service
12351,kitchen_supply_store,hardware_home_and_garden_store
1106,kiteboarding,sport_or_fitness_facility
3,kiteboarding_instruction,sport_or_fitness_facility
293,knife_sharpening,home_service
1259,knitting_supply_store,arts_crafts_and_hobby_store
17,kofta_restaurant,restaurant
40,kombucha_bar,non_alcoholic_beverage_venue
10588,korean_grocery_store,food_and_beverage_store
84105,korean_restaurant,restaurant
50,kosher_grocery_store,food_and_beverage_store
1280,kosher_restaurant,restaurant
120,kurdish_restaurant,restaurant
28433,labor_union,labor_union
14241,laboratory,technical_service
776,laboratory_equipment_supplier,supplier_or_distributor
83843,laboratory_testing,diagnostics_imaging_or_lab_service
159,lactation_service,reproductive_perinatal_and_womens_care
215556,lake,lake
24388,land_surveying,real_estate_service
8996,landscape_architect,home_service
85973,landscaping,home_service
90099,language_school,specialty_school
20,laotian_restaurant,restaurant
203,laser_cutting_service,b2b_industrial_and_machine_service
19491,laser_hair_removal,personal_or_beauty_service
2538,laser_tag,sport_or_fitness_facility
21756,latin_american_restaurant,restaurant
103129,laundromat,laundry_service
16277,laundry_service,laundry_service
433,law_school,college_university
78,lawn_bowling_club,sport_or_recreation_club
136,lawn_mower_repair_service,home_service
2149,lawn_mower_store,hardware_home_and_garden_store
5355,lawn_service,home_service
3745,leather_goods_store,fashion_and_apparel_store
592,leather_products_manufacturer,manufacturer
6717,lebanese_restaurant,restaurant
67183,legal_service,legal_service
136849,library,library
30912,life_coach,personal_or_beauty_service
11234,life_insurance,financial_service
1465,light_rail_and_subway_station,public_transit_facility_or_service
3747,lighthouse,lighthouse
249,lighting_fixture_manufacturer,manufacturer
419,lighting_fixtures_and_equipment,home_service
39904,lighting_store,hardware_home_and_garden_store
49,lime_professional,building_or_construction_service
13556,limo_service,taxi_or_ride_share_service
32787,linen_store,hardware_home_and_garden_store
49278,lingerie_store,fashion_and_apparel_store
7,lingerie_wholesaler,wholesaler
145040,liquor_store,food_and_beverage_store
799,live_and_raw_food_restaurant,restaurant
19821,livestock_breeder,b2b_service
79,livestock_dealer,b2b_service
1323,livestock_feed_and_supply_store,animal_and_pet_store
68594,lodge,lodging
1,lodging,food_and_drink
430222,lodging,lodging
2307,logging_contractor,b2b_service
396,logging_equipment_and_supplies,b2b_service
12490,logging_service,b2b_service
19,lookout,built_feature
15960,lottery_vendor,gaming_venue
52495,lounge,lounge
125,low_income_housing,housing_or_property_service
4435,luggage_storage,travel_service
25835,luggage_store,fashion_and_apparel_store
27265,lumber_store,hardware_home_and_garden_store
57,macaron_shop,casual_eatery
8393,machine_and_tool_rental,rental_service
55723,machine_shop,technical_service
1579,machinery_and_tool_manufacturer,manufacturer
883,magician,event_or_party_service
437,mailbox_center,shipping_or_delivery_service
128,makerspace,makerspace
37505,makeup_artist,personal_or_beauty_service
12316,malaysian_restaurant,restaurant
258533,manufacturer,manufacturer
233,manufacturing_and_industrial_consultant,b2b_industrial_and_machine_service
906,marble_and_granite_professional,building_or_construction_service
19183,marina,marina
2,market_stall,market
124986,marketing_agency,professional_service
7079,marriage_or_relationship_counseling,behavioral_or_mental_health_clinic
128101,martial_arts_club,sport_or_recreation_club
26076,masonry_concrete,home_service
4488,masonry_contractor,building_or_construction_service
2312,massage_school,specialty_school
184871,massage_therapy,wellness_service
403,matchmaker,personal_or_beauty_service
7257,maternity_center,reproductive_perinatal_and_womens_care
2582,maternity_wear,fashion_and_apparel_store
3048,mattress_manufacturing,manufacturer
41623,mattress_store,hardware_home_and_garden_store
57,meat_restaurant,restaurant
12567,meat_wholesaler,wholesaler
1739,mechanical_engineer,building_or_construction_service
24427,media_agency,media_service
65,media_critic,media_service
23214,media_news_company,media_service
6598,media_news_website,media_service
900,media_restoration_service,media_service
13702,media_service,media_service
728,mediator,legal_service
2550,medical_billing,medical_service
169,medical_cannabis_referral,medical_service
1326,medical_law,attorney_or_law_firm
21642,medical_research_institute,research_institute
10228,medical_school,specialty_school
300,medical_sciences_school,college_university
56259,medical_service_organization,medical_service
51755,medical_spa,wellness_service
52253,medical_supply_store,specialty_store
2932,medical_transportation,medical_service
10080,meditation_center,wellness_service
26883,mediterranean_restaurant,restaurant
126,memorial_park,memorial_site
15,memory_care_facility,senior_living_facility
98311,mens_clothing_store,fashion_and_apparel_store
7753,merchandising_service,professional_service
8,metal_detector_service,technical_service
124092,metal_fabricator,manufacturer
711,metal_material_expert,building_or_construction_service
2939,metal_plating_service,b2b_industrial_and_machine_service
49043,metal_supplier,supplier_or_distributor
2781,metro_station,public_transit_facility_or_service
482,mexican_grocery_store,food_and_beverage_store
211662,mexican_restaurant,restaurant
16804,middle_eastern_restaurant,restaurant
66983,middle_school,middle_school
2161,midwifery,reproductive_perinatal_and_womens_care
34,military_museum,museum
35584,military_site,military_site
646,military_surplus_store,specialty_store
4081,milk_bar,non_alcoholic_beverage_venue
226,mill,manufacturer
5109,miniature_golf_course,sport_or_fitness_facility
4,misting_system_service,home_service
307,mobile_clinic,primary_care_or_general_clinic
574,mobile_dent_repair,vehicle_service
7163,mobile_home_dealer,real_estate_service
12068,mobile_home_park,housing_or_property_service
75,mobile_home_repair,home_service
6121,mobile_phone_accessory_store,electronics_store
8599,mobile_phone_repair,technical_service
331501,mobile_phone_store,electronics_store
2089,mobility_equipment_service,family_service
967,modern_art_museum,museum
5,mohel,event_or_party_service
336,molecular_gastronomy_restaurant,restaurant
151147,money_transfer_service,financial_service
751,mongolian_restaurant,restaurant
1041,montessori_school,place_of_learning
46824,monument,monument
2829,moroccan_restaurant,restaurant
55452,mortgage_broker,financial_service
23663,mortgage_lender,financial_service
213,mortuary_service,family_service
31137,motel,hotel
1701,motor_freight_trucking,b2b_transportation_and_storage_service
112997,motorcycle_dealer,vehicle_dealer
2385,motorcycle_manufacturer,manufacturer
6,motorcycle_parking,parking
784,motorcycle_parts_store,vehicle_parts_store
2391,motorcycle_rental_service,rental_service
94976,motorcycle_repair,vehicle_service
4939,motorsport_vehicle_dealer,vehicle_dealer
51,motorsport_vehicle_repair,automotive_service
10829,motorsports_store,vehicle_parts_store
131189,mountain,mountain
55,mountain_bike_park,park
4299,mountain_bike_trail,recreational_trail_or_path
144,mountain_hut,lodging
14144,mover,home_service
9,movie_critic,media_service
15306,movie_television_studio,media_service
59201,movie_theater,movie_theater
116,muay_thai_club,sport_or_recreation_club
76188,museum,museum
25119,music_and_dvd_store,books_music_and_video_store
10,music_critic,media_service
69,music_festival_venue,festival_venue
52884,music_production,media_service
452,music_production_service,media_service
69335,music_school,specialty_school
187181,music_venue,music_venue
338,musical_instrument_service,media_service
41435,musical_instrument_store,musical_instrument_and_pro_audio_store
1465,musician,event_or_party_service
122811,muslim_place_of_worship,muslim_place_of_worship
240060,nail_salon,personal_or_beauty_service
1024,nanny_service,family_service
8,national_museum,museum
27732,national_park,national_park
7,national_security_service,government_office
10233,natural_gas_utility_provider,natural_gas_utility_provider
24277,nature_reserve,nature_reserve
14,naturist_club,sport_or_recreation_club
145746,naturopathic_medicine,complementary_and_alternative_medicine
6341,nephrology,specialized_health_care
21495,neurology,specialized_health_care
2262,neuropathology,specialized_health_care
12,neurotology,specialized_health_care
20879,newspaper_and_magazines_store,books_music_and_video_store
319,nicaraguan_restaurant,restaurant
303,nigerian_restaurant,restaurant
4497,night_market,market
155,non_alcoholic_beverage_venue,non_alcoholic_beverage_venue
57140,non_governmental_association,civic_organization
1,norwegian_restaurant,restaurant
31228,notary_public,legal_service
122703,nursery_and_gardening_store,hardware_home_and_garden_store
40849,nursing,specialized_health_care
6962,nursing_school,specialty_school
62884,nutrition_service,wellness_service
2998,observatory,science_attraction
66963,obstetrics_and_gynecology,reproductive_perinatal_and_womens_care
2036,occupational_medicine,specialized_health_care
14486,occupational_safety,b2b_industrial_and_machine_service
13083,occupational_therapy,physical_medicine_and_rehabilitation
5232,office_cleaning,professional_service
10,office_of_vital_records,government_office
57124,office_supply_store,office_supply_store
248,officiating_service,event_or_party_service
19505,oil_change_station,automotive_service
189,olive_oil_store,food_and_beverage_store
16799,oncology,specialized_health_care
4698,onsen,wellness_service
1242,opera_and_ballet,music_venue
14478,ophthalmology,vision_or_eye_care_clinic
577,optical_wholesaler,wholesaler
78658,optometry,vision_or_eye_care_clinic
13467,oral_and_maxillofacial_surgery,surgery
73,orchard,farm
5,orchards_production,b2b_service
40,organ_and_tissue_donor_service,specialized_medical_facility
20512,organic_grocery_store,food_and_beverage_store
36749,orthodontics,dental_clinic
981,orthopedic_shoe_store,fashion_and_apparel_store
42337,orthopedics,specialized_health_care
1210,orthotics,physical_medicine_and_rehabilitation
22494,osteopathic_medicine,specialized_health_care
274,otology,specialized_health_care
2011,outdoor_furniture_store,hardware_home_and_garden_store
65,outdoor_movie_space,movie_theater
28466,outdoor_store,sporting_goods_store
15772,outlet_store,specialty_store
210956,outpatient_care_facility,outpatient_care_facility
14,oxygen_bar,wellness_service
121868,package_locker,storage_facility
452,packaging_contractors_and_service,shipping_or_delivery_service
2332,packing_service,home_service
13010,packing_supply_store,office_supply_store
20,paddle_tennis_club,sport_or_recreation_club
102,paddleboard_rental,recreational_equipment_rental
1029,paddleboarding_center,sport_or_fitness_facility
1,paddleboarding_lessons,sport_or_fitness_facility
7748,pain_management,specialized_health_care
313,paint_and_sip_venue,arts_and_crafts_space
18781,paint_store,hardware_home_and_garden_store
183,paint_your_own_pottery_venue,arts_and_crafts_space
7072,paintball,sport_or_fitness_facility
58586,painting,home_service
3240,pakistani_restaurant,restaurant
5324,palace,historic_site
2864,pan_asian_restaurant,restaurant
257,panamanian_restaurant,restaurant
15138,pancake_house,restaurant
901,paper_mill,manufacturer
78,paraguayan_restaurant,restaurant
551,paralegal_service,attorney_or_law_firm
49,parasailing_ride_service,sport_or_fitness_facility
174,parenting_class,specialty_school
491407,park,park
164,park_and_ride,park_and_ride
143540,parking,parking
771950,party_and_event_planning,event_or_party_service
3,party_bike_rental,event_or_party_service
261,party_bus_rental,event_or_party_service
20,party_character,event_or_party_service
3413,party_equipment_rental,event_or_party_service
50534,party_supply_store,specialty_store
18915,passport_and_visa_service,travel_service
495,pasta_store,food_and_beverage_store
963,patent_law,legal_service
221,paternity_testing,diagnostics_imaging_or_lab_service
6003,pathology,diagnostics_imaging_or_lab_service
4993,patio_covers,home_service
3844,patisserie_cake_shop,food_and_beverage_store
10770,paving_contractor,home_service
29797,pawn_shop,second_hand_store
688,payroll_service,professional_service
111,pediatric_anesthesiology,pediatric_clinic
2010,pediatric_cardiology,pediatric_clinic
58503,pediatric_clinic,pediatric_clinic
17614,pediatric_dentistry,dental_clinic
602,pediatric_endocrinology,pediatric_clinic
695,pediatric_gastroenterology,pediatric_clinic
20,pediatric_infectious_disease,pediatric_clinic
232,pediatric_nephrology,pediatric_clinic
561,pediatric_neurology,pediatric_clinic
465,pediatric_oncology,pediatric_clinic
504,pediatric_orthopedic_surgery,surgery
676,pediatric_pulmonology,pediatric_clinic
69,pediatric_radiology,pediatric_clinic
480,pediatric_surgery,surgery
4,pedicab_service,taxi_or_ride_share_service
94,pen_store,office_supply_store
316,pension_office,government_office
42876,pentecostal_place_of_worship,christian_place_of_worship
20329,performing_arts_venue,performing_arts_venue
5308,periodontics,dental_clinic
1844,permanent_makeup,personal_or_beauty_service
2564,persian_restaurant,restaurant
834,personal_assistant,home_service
1307,personal_chef,event_or_party_service
21505,personal_injury_law,attorney_or_law_firm
34051,personal_or_beauty_service,personal_or_beauty_service
303,personal_shopper,shopping_service
9377,peruvian_restaurant,restaurant
42345,pest_control_service,home_service
1408,pet_adoption,animal_or_pet_service
18459,pet_boarding,animal_or_pet_service
27294,pet_breeder,animal_or_pet_service
370,pet_cemetery_and_crematorium_service,animal_or_pet_service
97813,pet_groomer,animal_or_pet_service
1114,pet_hospice,animal_or_pet_service
27,pet_insurance,animal_or_pet_service
71,pet_photography,animal_or_pet_service
12840,pet_sitting,animal_or_pet_service
163852,pet_store,animal_and_pet_store
1211,pet_training,animal_or_pet_service
58,pet_transportation,animal_or_pet_service
54,pet_waste_removal,animal_or_pet_service
2921,petting_zoo,zoo
20971,pharmaceutical_company,corporate_or_business_office
6503,pharmaceutical_products_wholesaler,wholesaler
519231,pharmacy,pharmacy_and_drug_store
31,pharmacy_school,college_university
43,phlebology,specialized_health_care
4391,photo_booth_rental,event_or_party_service
114,photography_class,specialty_school
209,photography_museum,museum
10838,photography_service,media_service
209566,physical_therapy,physical_medicine_and_rehabilitation
185,piadina_restaurant,restaurant
126,piano_bar,bar
979,piano_service,media_service
441,piano_store,musical_instrument_and_pro_audio_store
56,pick_your_own_farm,food_and_beverage_store
830,pie_shop,casual_eatery
4793,pier,pier
1931,piercing,personal_or_beauty_service
81,pig_farm,farm
52568,pilates_studio,fitness_studio
664,pipe_supplier,supplier_or_distributor
630,pipeline_transportation,b2b_transportation_and_storage_service
7738,pizza_delivery_service,food_service
408941,pizza_restaurant,restaurant
1408,place_of_worship,place_of_worship
1372,planetarium,planetarium
575,plasterer,home_service
33857,plastic_and_reconstructive_surgery,surgery
239,plastic_injection_molding_service,b2b_industrial_and_machine_service
16962,plastic_manufacturer,manufacturer
21136,plastics_company,corporate_or_business_office
38750,playground,playground
6,playground_equipment_supplier,supplier_or_distributor
97862,plumbing,home_service
371,plus_size_clothing_store,fashion_and_apparel_store
43472,podiatry,specialized_health_care
4620,poke_restaurant,restaurant
97337,police_station,police_station
2696,polish_restaurant,restaurant
26869,political_organization,political_organization
15780,political_party_office,political_organization
178,polynesian_restaurant,restaurant
117,pool_and_billiards_store,sporting_goods_store
3364,pool_and_hot_tub_service,home_service
17603,pool_billiards,sport_or_fitness_facility
26936,pool_cleaning,home_service
1084,pool_hall,sport_or_fitness_facility
97,pop_up_restaurant,restaurant
7473,pop_up_store,specialty_store
527,popcorn_shop,casual_eatery
9726,portuguese_restaurant,restaurant
233650,post_office,shipping_or_delivery_service
6138,poultry_farm,farm
110,poultry_farming,b2b_service
42,poutinerie_restaurant,restaurant
6021,powder_coating_service,industrial_facility_or_service
9421,prenatal_and_perinatal_care,reproductive_perinatal_and_womens_care
282188,preschool,preschool
2766,pressure_washing,home_service
785,pretzel_shop,casual_eatery
89,preventive_medicine,specialized_health_care
21014,print_media,media_service
1887,printing_equipment_supplier,supplier_or_distributor
298475,printing_service,printing_service
14242,private_association,corporate_or_business_office
299,private_equity_firm,financial_service
7257,private_investigation,legal_service
259,private_jet_charter,air_transport_facility_or_service
72921,private_school,place_of_learning
1495,private_tutor,tutoring_service
4678,process_server,legal_service
2113,proctology,specialized_health_care
69238,produce_store,food_and_beverage_store
1197,produce_wholesaler,wholesaler
5268,product_design,design_service
1267482,professional_service,professional_service
1307,professional_sport_league,sport_league
5869,professional_sport_team,sport_team
47004,propane_supplier,supplier_or_distributor
115520,property_management,real_estate_service
7755,prosthetics,physical_medicine_and_rehabilitation
3166,prosthodontics,dental_clinic
42812,protestant_place_of_worship,christian_place_of_worship
23040,psychiatry,behavioral_or_mental_health_clinic
16324,psychic_advising,psychic_advising
114,psychoanalysis,behavioral_or_mental_health_clinic
106517,psychology,behavioral_or_mental_health_clinic
3,psychomotor_therapy,physical_medicine_and_rehabilitation
50832,psychotherapy,behavioral_or_mental_health_clinic
144776,pub,bar
254,public_adjuster,financial_service
639,public_bath_house,wellness_service
11910,public_fountain,public_fountain
42136,public_health_clinic,primary_care_or_general_clinic
722,public_market,market
2,public_phone,public_facility
62362,public_plaza,public_plaza
10979,public_relations,professional_service
4616,public_restroom,public_restroom
51347,public_school,place_of_learning
7875,public_transit_facility_or_service,public_transit_facility_or_service
14646,public_utility,public_utility
44126,publisher,media_service
1125,puerto_rican_restaurant,restaurant
7869,pulmonology,specialized_health_care
145,pumpkin_patch,rural_attraction
38,qi_gong_studio,fitness_studio
531,quay,built_feature
18735,race_track,sport_or_fitness_facility
58,racing_experience,sport_or_fitness_facility
261,racquetball_court,sport_court
24573,radio_station,radio_station
13900,radiology,diagnostics_imaging_or_lab_service
669,rafting_kayaking_area,sport_or_fitness_facility
221,rail_facility_or_service,rail_facility_or_service
4867,railroad_freight,b2b_transportation_and_storage_service
12,railway_ticket_agent,rail_facility_or_service
45827,ramen_restaurant,restaurant
447,ranch,farm
614266,real_estate_agent,real_estate_service
11519,real_estate_investment,financial_service
3697,real_estate_law,attorney_or_law_firm
187,real_estate_photography,real_estate_service
740534,real_estate_service,real_estate_service
6956,record_label,media_service
2634,recording_and_rehearsal_studio,media_service
4720,recreation_vehicle_repair,vehicle_service
24,recreational_trail_or_path,recreational_trail_or_path
14094,recreational_vehicle_dealer,vehicle_dealer
28911,recycling_center,home_service
523,refinishing_service,home_service
7363,reflexology,complementary_and_alternative_medicine
1800,refractive_surgery_or_lasik,vision_or_eye_care_clinic
222,registry_office,government_office
6536,rehabilitation_center,physical_medicine_and_rehabilitation
1473,reiki,complementary_and_alternative_medicine
1132,religious_and_spiritual_goods_store,specialty_store
388911,religious_organization,religious_organization
26285,religious_school,place_of_learning
199664,rental_kiosk,rental_service
69201,rental_service,rental_service
12735,reproductive_perinatal_and_womens_care,reproductive_perinatal_and_womens_care
2325,reptile_store,animal_and_pet_store
3210,research_institute,research_institute
102837,resort,resort
549,rest_stop,rest_stop
1812921,restaurant,restaurant
12496,restaurant_equipment_and_supply,supplier_or_distributor
13,restaurant_management,b2b_office_and_professional_service
2740,restaurant_wholesale,wholesaler
43,retaining_wall_supplier,supplier_or_distributor
233,retina_services,vision_or_eye_care_clinic
145353,retirement_home,senior_living_facility
5307,rheumatology,specialized_health_care
76,rice_mill,manufacturer
43,rice_store,food_and_beverage_store
603,ride_share_service,taxi_or_ride_share_service
134916,river,river
1111,road_contractor,building_or_construction_service
102,road_structures_and_service,ground_transport_facility_or_service
1388,roadside_assistance,vehicle_service
372,rock_climbing_gym,sport_or_fitness_facility
18,rock_climbing_instructor,sport_or_fitness_facility
7473,rock_climbing_spot,sport_or_fitness_facility
2190,rodeo,rodeo
2275,roller_skating_rink,skating_rink
135457,roman_catholic_place_of_worship,christian_place_of_worship
614,romanian_restaurant,restaurant
88749,roofing,home_service
5,rotisserie_chicken_restaurant,restaurant
64,rowing_club,sport_or_recreation_club
2062,rubber_and_plastics_manufacturer,manufacturer
1759,rug_store,hardware_home_and_garden_store
1485,rugby_pitch,sport_field
572,rugby_stadium,stadium_arena
29,ruin,historic_site
11,russian_grocery_store,food_and_beverage_store
1495,russian_restaurant,restaurant
23854,rv_park,rv_park
334,rv_parts_store,vehicle_parts_store
4016,rv_rental_service,rental_service
674,rv_storage_facility,storage_facility
3,ryokan,lodging
535,safe_store,specialty_store
10888,safety_equipment_store,specialty_store
207,sailing_area,sport_or_fitness_facility
591,sailing_club,sport_or_recreation_club
13225,sake_bar,bar
12830,salad_bar,restaurant
1210,salsa_club,dance_club
2477,salvadoran_restaurant,restaurant
859,sand_and_gravel_supplier,supplier_or_distributor
10,sand_dune,land_feature
3216,sandblasting_service,industrial_facility_or_service
90951,sandwich_shop,casual_eatery
48,saree_shop,fashion_and_apparel_store
758,sauna,wellness_service
1108,sawmill,manufacturer
214,scale_supplier,supplier_or_distributor
3318,scandinavian_restaurant,restaurant
17,scavenger_hunt,gaming_venue
9,schnitzel_restaurant,restaurant
646351,school,place_of_learning
1983,school_district_office,school_district_office
452,school_sport_league,sport_league
1252,school_sport_team,sport_team
2934,science_museum,museum
59,science_school,college_university
360,scooter_dealer,vehicle_dealer
252,scooter_rental,recreational_equipment_rental
7,scooter_tour,travel_service
239,scottish_restaurant,restaurant
9413,scout_hall,social_or_community_service
12258,scuba_diving_center,sport_or_fitness_facility
1432,scuba_diving_instruction,sport_or_fitness_facility
4327,sculpture_statue,sculpture_statue
2480,seafood_market,food_and_beverage_store
144973,seafood_restaurant,restaurant
261,seafood_wholesaler,wholesaler
317,seaplane_base,airport
21717,second_hand_clothing_store,second_hand_store
84231,second_hand_store,second_hand_store
7724,security_service,security_service
7332,security_systems,home_service
698,self_catering_accommodation,lodging
578,self_defense_class,sport_or_fitness_facility
64145,self_storage_facility,storage_facility
115,senegalese_restaurant,restaurant
17107,senior_citizen_service,social_or_community_service
7980,septic_service,public_utility
10,serbo_croatian_restaurant,restaurant
18634,service_apartment,lodging
5664,session_photography_service,media_service
49857,sewing_and_alterations,home_service
1720,sex_therapy,behavioral_or_mental_health_clinic
2507,shades_and_blinds,home_service
319,shared_office_space,real_estate_service
5564,shaved_ice_shop,casual_eatery
322,sheet_metal_fabricator,manufacturer
7,shinto_shrine,religious_landmark
87524,shipping_center,shipping_or_delivery_service
1061,shipping_collection_service,shipping_or_delivery_service
39,shoe_factory_manufacturer,manufacturer
15752,shoe_repair,personal_or_beauty_service
60,shoe_shining_service,personal_or_beauty_service
244075,shoe_store,fashion_and_apparel_store
17991,shooting_range,sport_or_fitness_facility
1225096,shopping,shopping
186795,shopping_mall,shopping_mall
3,shopping_passage,market
2102,shredding_service,professional_service
221,shutters,home_service
946,siding,home_service
12458,sightseeing_tour_agency,travel_service
38412,sign_making,design_service
5325,sikh_place_of_worship,place_of_worship
3,silent_disco,event_or_party_service
758,singaporean_restaurant,restaurant
18613,skate_park,skate_park
5351,skate_store,sporting_goods_store
669,skating_rink,skating_rink
2651,ski_and_snowboard_school,sport_or_fitness_facility
5051,ski_and_snowboard_store,sporting_goods_store
20,ski_area,sport_or_fitness_facility
14707,ski_resort,resort
78561,skin_care_and_makeup,personal_or_beauty_service
1715,sky_diving,sport_or_fitness_facility
176,skylight_installation,home_service
2,skyline,scenic_viewpoint
3,skyscraper,building
71,sledding_rental,recreational_equipment_rental
2315,sleep_medicine,specialized_health_care
2,sleepwear,fashion_and_apparel_store
79,slovakian_restaurant,restaurant
40067,smoke_and_vape_store,specialty_store
121,smokehouse,food_and_beverage_store
62736,smoothie_juice_bar,smoothie_juice_bar
338,snorkeling,sport_or_fitness_facility
4,snorkeling_equipment_rental,recreational_equipment_rental
330,snow_removal_service,home_service
1,snowboarding_center,sport_or_fitness_facility
4,snuggle_service,wellness_service
1671,soccer_club,sport_or_recreation_club
44279,soccer_field,sport_field
7758,soccer_stadium,stadium_arena
16422,social_and_human_service,social_or_community_service
9343,social_club,social_club
10293,social_media_agency,professional_service
1738,social_media_company,media_service
821250,social_or_community_service,social_or_community_service
641,social_security_law,attorney_or_law_firm
1081,social_security_service,government_office
604,social_welfare_center,social_or_community_service
148533,software_development,technical_service
20853,solar_installation,home_service
17,solar_panel_cleaning,home_service
1,sommelier_service,event_or_party_service
3087,soul_food,restaurant
13668,soup_restaurant,restaurant
217,south_african_restaurant,restaurant
5958,southern_american_restaurant,restaurant
13771,souvenir_store,specialty_store
614847,spa,wellness_service
29021,spanish_restaurant,restaurant
2295,speakeasy,bar
9268,specialized_health_care,specialized_health_care
32027,specialty_foods_store,food_and_beverage_store
52024,specialty_school,specialty_school
53,specialty_store,specialty_store
18793,speech_therapy,physical_medicine_and_rehabilitation
183,speech_training,specialty_school
37,sperm_clinic,medical_service
39,spices_wholesaler,wholesaler
194,spine_surgery,surgery
234,spiritual_advising,spiritual_advising
517,sport_equipment_rental,recreational_equipment_rental
135796,sport_or_fitness_facility,sport_or_fitness_facility
10279,sport_or_recreation_club,sport_or_recreation_club
340,sporting_goods_manufacturer,manufacturer
128526,sporting_goods_store,sporting_goods_store
1,sports_and_recreation,health_care
198850,sports_and_recreation,sports_and_recreation
26179,sports_bar,bar
6605,sports_medicine,specialized_health_care
475,sports_museum,museum
306,sports_psychology,behavioral_or_mental_health_clinic
1107,sports_school,specialty_school
31896,sportswear_store,sporting_goods_store
881,spray_tanning,personal_or_beauty_service
100,spring_supplier,supplier_or_distributor
1190,squash_court,sport_court
1138,sri_lankan_restaurant,restaurant
92811,stadium_arena,stadium_arena
201,state_museum,museum
1336,state_park,park
62767,steakhouse,restaurant
2104,steel_fabricator,manufacturer
10730,stock_and_bond_broker,financial_service
1096,stone_and_masonry,building_or_construction_service
972,stone_supplier,supplier_or_distributor
80256,storage_facility,storage_facility
1329,street_art,street_art
253,street_vendor,market
28,stress_management_service,behavioral_or_mental_health_clinic
795,strip_club,adult_entertainment_venue
5640,structural_engineer,home_service
465,stucco_service,home_service
3458,student_union,campus_building
90,studio_taping,media_service
5,sugar_shack,casual_eatery
1417,sugaring,personal_or_beauty_service
2,suicide_prevention_service,behavioral_or_mental_health_clinic
5463,sunglasses_store,fashion_and_apparel_store
15014,superstore,superstore
7,supper_club,restaurant
5376,supplier_or_distributor,supplier_or_distributor
7,surf_lifesaving_club,sport_or_recreation_club
7454,surf_store,sporting_goods_store
66,surfboard_rental,recreational_equipment_rental
5131,surfing,sport_or_fitness_facility
226,surfing_school,sport_or_fitness_facility
34095,surgery,surgery
10399,surgery_center,surgery
101741,sushi_restaurant,restaurant
11736,swimming_instructor,swimming_pool
64630,swimming_pool,swimming_pool
6670,swimwear_store,sporting_goods_store
1716,swiss_restaurant,restaurant
1230,syrian_restaurant,restaurant
43046,t_shirt_printing_service,printing_service
5198,t_shirt_store,fashion_and_apparel_store
75,table_tennis_club,sport_or_recreation_club
198,tabletop_games_store,toys_and_games_store
261,tableware_supplier,supplier_or_distributor
42343,taco_restaurant,restaurant
717,taekwondo_club,sport_or_recreation_club
1158,tai_chi_studio,fitness_studio
3713,tailor,home_service
8913,taiwanese_restaurant,restaurant
1307,talent_agency,professional_service
155,tanning_bed,personal_or_beauty_service
34112,tanning_salon,personal_or_beauty_service
41690,tapas_bar,casual_eatery
8,tasting_class,class_venue
77,tatar_restaurant,restaurant
8672,tattoo,personal_or_beauty_service
176733,tattoo_and_piercing,personal_or_beauty_service
530,tattoo_removal,specialized_health_care
2818,tax_law,attorney_or_law_firm
2046,tax_office,government_office
37965,tax_service,financial_service
49666,taxi_service,taxi_or_ride_share_service
53,taxi_stand,taxi_or_ride_share_service
5351,taxidermist,technical_service
59781,tea_room,non_alcoholic_beverage_venue
34,tea_wholesaler,wholesaler
136,team_building_activity,event_or_party_service
2748,teeth_whitening,personal_or_beauty_service
77931,telecommunications_company,corporate_or_business_office
35375,telecommunications_service,telecommunications_service
678,telephone_service,technical_service
11322,television_service_provider,home_service
1073,television_station,television_station
5007,temp_agency,professional_service
75,tenant_and_eviction_law,legal_service
31657,tennis_court,sport_court
699,tennis_stadium,stadium_arena
11,tent_house_supplier,supplier_or_distributor
18205,test_preparation,educational_service
7539,texmex_restaurant,restaurant
34762,textile_manufacturer,manufacturer
2573,textile_mill,manufacturer
418,textile_museum,museum
100446,thai_restaurant,restaurant
53142,theatre_venue,theatre_venue
15179,theatrical_production,media_service
23210,theme_restaurant,restaurant
4,thread_supplier,supplier_or_distributor
3425,threading_service,personal_or_beauty_service
280,threads_and_yarns_wholesaler,wholesaler
1059,ticket_office_or_booth,ticket_office_or_booth
1035,tiki_bar,bar
5941,tile_store,hardware_home_and_garden_store
8412,tiling,home_service
125483,tire_dealer_and_repair,automotive_service
29938,tire_shop,automotive_service
82,tires_manufacturer,manufacturer
656,tobacco_company,corporate_or_business_office
63044,tobacco_shop,food_and_beverage_store
65,toll_station,toll_station
376,tools_wholesaler,wholesaler
124213,tour_operator,travel_service
20,tower_communication_service,b2b_service
38606,towing_service,automotive_service
340,town_car_service,taxi_or_ride_share_service
88703,town_hall,government_office
35,toxicology,specialized_health_care
69398,toy_store,toys_and_games_store
2042,track_stadium,stadium_arena
1681,tractor_dealer,b2b_transportation_and_storage_service
145,traditional_chinese_medicine,complementary_and_alternative_medicine
1809,traditional_clothing,fashion_and_apparel_store
1781,traffic_school,specialty_school
32,traffic_ticketing_law,attorney_or_law_firm
9737,trailer_dealer,vehicle_dealer
6215,trailer_rental_service,rental_service
806,trailer_repair,automotive_service
1271,train,rail_facility_or_service
98033,train_station,train_station
67,trampoline_park,sport_or_fitness_facility
212,transcription_service,b2b_office_and_professional_service
11071,translating_and_interpreting_service,b2b_office_and_professional_service
3539,translation_service,professional_service
4318,transmission_repair,automotive_service
43,transport_interchange,travel_and_transportation
45543,travel_agent,travel_service
207498,travel_and_transportation,travel_and_transportation
29844,travel_company,corporate_or_business_office
395616,travel_service,travel_service
26175,tree_service,home_service
63,trinidadian_restaurant,restaurant
3,trivia_host,event_or_party_service
8591,trophy_store,specialty_store
335,truck_and_industrial_vehicle_services,b2b_transportation_and_storage_service
25200,truck_dealer,vehicle_dealer
5518,truck_gas_station,gas_station
1152,truck_parts_and_accessories,b2b_transportation_and_storage_service
45453,truck_rental_service,rental_service
22657,truck_repair,automotive_service
524,truck_stop,ground_transport_facility_or_service
71415,trusts,financial_service
15,tubing_provider,sport_or_fitness_facility
48,tui_na,complementary_and_alternative_medicine
35007,turkish_restaurant,restaurant
60,turnery,b2b_industrial_and_machine_service
87959,tutoring_service,tutoring_service
2446,tv_mounting,home_service
108,typing_service,professional_service
938,ukrainian_restaurant,restaurant
1,ultralight_airport,airport
113,ultrasound_imaging,diagnostics_imaging_or_lab_service
147,unemployment_office,government_office
22370,uniform_store,fashion_and_apparel_store
974,university_housing,housing_or_property_service
6945,urban_farm,farm
5530,urgent_care_clinic,urgent_care_clinic
18014,urology,specialized_health_care
203,uruguayan_restaurant,restaurant
83076,used_auto_dealer,auto_dealer
875,used_bookstore,books_music_and_video_store
241,uzbek_restaurant,restaurant
4084,vacation_rental_agent,travel_service
434,valet_service,event_or_party_service
369,vascular_medicine,specialized_health_care
4033,vegan_restaurant,restaurant
25774,vegetarian_restaurant,restaurant
1512,vehicle_dealer,vehicle_dealer
170,vehicle_manufacturer,manufacturer
3612,vehicle_shipping,shipping_or_delivery_service
673,vehicle_wrap,automotive_service
6248,vending_machine_supplier,supplier_or_distributor
1698,venezuelan_restaurant,restaurant
1,vermouth_bar,bar
2871,veterans_organization,social_club
193950,veterinarian,animal_or_pet_service
2,veterinary_school,college_university
10110,video_and_video_game_rental,books_music_and_video_store
3807,video_film_production,media_service
22,video_game_critic,media_service
25468,video_game_store,books_music_and_video_store
4466,videographer,event_or_party_service
35501,vietnamese_restaurant,restaurant
1808,vinyl_record_store,books_music_and_video_store
105,virtual_reality_center,science_attraction
160,visa_agent,travel_service
33767,vision_or_eye_care_clinic,vision_or_eye_care_clinic
6642,visitor_center,travel_service
45198,vitamin_and_supplement_store,food_and_beverage_store
149,vocal_coach,media_service
48238,vocational_and_technical_school,specialty_school
306,volleyball_club,sport_or_recreation_club
2503,volleyball_court,sport_court
1003,volunteer_association,social_or_community_service
284,waffle_restaurant,restaurant
18,waldorf_school,place_of_learning
8395,walk_in_clinic,walk_in_clinic
145,walking_tour,travel_service
32,wallpaper_installer,home_service
379,wallpaper_store,hardware_home_and_garden_store
9999,warehouse,b2b_transportation_and_storage_service
121150,warehouse_club_store,warehouse_club_store
69,warehouse_rental_service_yard,b2b_transportation_and_storage_service
96,washer_and_dryer_repair_service,home_service
119,watch_repair_service,technical_service
4377,watch_store,fashion_and_apparel_store
61,water_delivery,home_service
1753,water_heater_installation_repair,home_service
13612,water_park,park
1207,water_purification_service,home_service
567,water_softening_equipment_supplier,supplier_or_distributor
221,water_store,food_and_beverage_store
2,water_taxi_service,water_taxi_service
17658,water_utility_provider,water_utility_provider
8069,waterfall,waterfall
1288,waterproofing,home_service
15196,waxing,personal_or_beauty_service
22,weather_forecast_service,media_service
313,weather_station,media_service
25,weaving_mill,manufacturer
73207,web_designer,design_service
1274,web_hosting_service,technical_service
854,wedding_chapel,event_or_party_service
39755,wedding_planning,event_or_party_service
22720,weight_loss_center,wellness_service
2,weir,dam
2586,welder,building_or_construction_service
2972,welding_supply_store,hardware_home_and_garden_store
7766,well_drilling,home_service
6714,wellness_service,wellness_service
81,whale_watching_tour,travel_service
3265,wheel_and_rim_repair,automotive_service
1814,whiskey_bar,bar
388,wholesale_florist,wholesaler
8379,wholesale_grocer,wholesaler
15756,wholesaler,wholesaler
5166,wig_store,personal_care_and_beauty_store
1,wild_game_meats_restaurant,restaurant
255,wildlife_control,environmental_or_ecological_service
305,wildlife_hunting_range,sport_or_fitness_facility
10715,wildlife_sanctuary,animal_attraction
5986,wills_trusts_and_probate,attorney_or_law_firm
69,wind_energy,utility_energy_infrastructure
5847,window_supplier,supplier_or_distributor
5501,window_treatment_store,hardware_home_and_garden_store
2097,window_washing,home_service
32290,windows_installation,home_service
4012,windshield_installation_and_repair,automotive_service
6,windsurfing_center,sport_or_fitness_facility
34745,wine_bar,bar
21,wine_tasting_class,class_venue
220,wine_tasting_room,winery
189,wine_tour,travel_service
1184,wine_wholesaler,wholesaler
76227,winery,winery
15,wok_restaurant,restaurant
301400,womens_clothing_store,fashion_and_apparel_store
3967,woodworking_supply_store,hardware_home_and_garden_store
144,workers_compensation_law,attorney_or_law_firm
3,wrap_restaurant,restaurant
3003,writing_service,professional_service
82713,yoga_studio,fitness_studio
57839,youth_organization,youth_organization
29,ziplining_center,sport_or_fitness_facility
9589,zoo,zoo
